url,Earthquake,Landslide,Wildfire,Extreme heat,River flood,Urban flood,Cyclone,Water scarcity,Coastal flood,Tsunami,Volcano,country,region_HL,region
https://thinkhazard.org/en/report/3,High,High,High,Medium,High,High,No Data,Medium,High,Medium,No Data,Albania,,
https://thinkhazard.org/en/report/5,Medium,Low,Very low,Medium,No Data,No Data,No Data,No Data,Medium,High,Low,American Samoa (U.S.),,
https://thinkhazard.org/en/report/2,Medium,Very low,High,Very low,Very low,Very low,Very low,Low,No Data,No Data,Low,Disputed Area,,
https://thinkhazard.org/en/report/1,High,High,High,High,High,High,Low,High,No Data,No Data,Low,Afghanistan,,
https://thinkhazard.org/en/report/4,Medium,High,High,High,High,High,No Data,High,High,Low,Very low,Algeria,,
https://thinkhazard.org/en/report/6,Low,Medium,High,High,High,High,No Data,High,High,Very low,High,Sudan,,
https://thinkhazard.org/en/report/8,Medium,Medium,High,Medium,High,High,Very low,High,High,Low,No Data,Angola,,
https://thinkhazard.org/en/report/7,Medium,Medium,High,Very low,Very low,High,No Data,Very low,No Data,No Data,Very low,Andorra,,
https://thinkhazard.org/en/report/9,Medium,Low,Very low,No Data,Very low,Very low,No Data,No Data,Medium,Medium,No Data,Anguilla (U.K.),,
https://thinkhazard.org/en/report/11,Medium,Medium,Very low,Medium,Very low,High,No Data,No Data,Medium,Medium,Medium,Antigua and Barbuda,,
https://thinkhazard.org/en/report/12,High,High,High,High,High,High,No Data,High,High,High,High,Argentina,,
https://thinkhazard.org/en/report/10,No Data,No Data,No Data,Very low,No Data,No Data,No Data,No Data,No Data,Medium,High,Antarctica,,
https://thinkhazard.org/en/report/13,High,High,High,Medium,High,High,No Data,Low,No Data,No Data,High,Armenia,,
https://thinkhazard.org/en/report/15,Medium,High,High,High,High,High,Low,Very low,No Data,No Data,No Data,Disputed Area,,
https://thinkhazard.org/en/report/14,Medium,Very low,Very low,Medium,Very low,Very low,No Data,No Data,Medium,Medium,No Data,Aruba (Neth.),,
https://thinkhazard.org/en/report/16,No Data,No Data,Very low,No Data,No Data,No Data,No Data,No Data,No Data,No Data,No Data,Ashmore and Cartier Islands (Aus.),,
https://thinkhazard.org/en/report/19,High,High,High,Medium,High,High,No Data,Low,No Data,No Data,High,Azerbaijan,,
https://thinkhazard.org/en/report/18,Medium,High,High,Medium,High,High,No Data,Low,No Data,No Data,No Data,Austria,,
https://thinkhazard.org/en/report/21,Very low,Very low,Very low,High,Very low,Very low,No Data,No Data,Medium,Very low,No Data,Bahrain,,
https://thinkhazard.org/en/report/22,No Data,Very low,Very low,No Data,No Data,No Data,No Data,No Data,No Data,No Data,No Data,Baker Island (U.S.),,
https://thinkhazard.org/en/report/20,Very low,Very low,Very low,Medium,Very low,Very low,High,Very low,High,Medium,No Data,The Bahamas,,
https://thinkhazard.org/en/report/23,Medium,High,High,High,High,High,High,Medium,High,Medium,No Data,Bangladesh,,
https://thinkhazard.org/en/report/24,Medium,Medium,Very low,Low,Very low,Low,No Data,No Data,Medium,Medium,No Data,Barbados,,
https://thinkhazard.org/en/report/25,No Data,No Data,No Data,No Data,No Data,No Data,No Data,No Data,No Data,No Data,No Data,Bassas da India,,
https://thinkhazard.org/en/report/26,Medium,Very low,High,Medium,High,High,No Data,Medium,No Data,No Data,No Data,Belarus,,
https://thinkhazard.org/en/report/27,Medium,Low,High,Low,High,Medium,No Data,Medium,High,Very low,Medium,Belgium,,
https://thinkhazard.org/en/report/28,Medium,Medium,High,High,High,High,High,Medium,Medium,Low,No Data,Belize,,
https://thinkhazard.org/en/report/29,Very low,Low,High,High,High,High,No Data,High,Medium,Low,No Data,Benin,,
https://thinkhazard.org/en/report/30,No Data,Very low,Very low,Low,No Data,No Data,No Data,No Data,Medium,Low,No Data,Bermuda (U.K.),,
https://thinkhazard.org/en/report/31,Medium,High,High,High,High,High,Low,Medium,No Data,No Data,No Data,Bhutan,,
https://thinkhazard.org/en/report/33,Medium,High,High,High,High,High,No Data,High,No Data,No Data,High,Bolivia,,
https://thinkhazard.org/en/report/32,No Data,No Data,Very low,No Data,No Data,No Data,No Data,No Data,No Data,No Data,No Data,Bird Island,,
https://thinkhazard.org/en/report/34,Medium,High,High,Medium,High,High,No Data,Medium,Medium,Low,No Data,Bosnia and Herzegovina,,
https://thinkhazard.org/en/report/35,Medium,Very low,High,Medium,High,High,Low,High,No Data,No Data,No Data,Botswana,,
https://thinkhazard.org/en/report/36,No Data,Medium,Very low,No Data,No Data,No Data,No Data,No Data,No Data,Medium,No Data,Bouvet Island (Nor.),,
https://thinkhazard.org/en/report/17,High,High,High,High,High,High,High,Low,High,High,Medium,Australia,,
https://thinkhazard.org/en/report/38,No Data,Low,Very low,Medium,No Data,No Data,No Data,No Data,Medium,Medium,No Data,British Indian Ocean Territory (U.K.),,
https://thinkhazard.org/en/report/37,Medium,High,High,High,High,High,Very low,Medium,High,Medium,No Data,Brazil,,
https://thinkhazard.org/en/report/40,Low,High,Low,Medium,High,High,Low,Very low,High,Medium,No Data,Brunei Darussalam,,
https://thinkhazard.org/en/report/42,Very low,Very low,High,High,High,High,No Data,High,No Data,No Data,No Data,Burkina Faso,,
https://thinkhazard.org/en/report/39,Medium,High,Very low,No Data,Very low,Very low,No Data,No Data,Medium,Low,No Data,British Virgin Islands (U.K.),,
https://thinkhazard.org/en/report/41,Medium,High,High,Medium,High,High,No Data,Medium,No Data,No Data,No Data,Bulgaria,,
https://thinkhazard.org/en/report/43,Medium,High,High,Medium,High,Medium,Very low,Medium,No Data,No Data,Very low,Burundi,,
https://thinkhazard.org/en/report/44,Low,High,High,High,High,High,High,Low,High,Low,Very low,Cambodia,,
https://thinkhazard.org/en/report/45,Low,High,High,High,High,High,No Data,High,High,Low,High,Cameroon,,
https://thinkhazard.org/en/report/47,Very low,High,Very low,Low,No Data,No Data,No Data,No Data,Medium,Low,Low,Cape Verde,,
https://thinkhazard.org/en/report/48,Medium,Low,Very low,Medium,Very low,Low,No Data,No Data,Medium,Low,No Data,Cayman Islands (U.K.),,
https://thinkhazard.org/en/report/49,Low,Low,High,High,High,High,No Data,High,No Data,No Data,No Data,Central African Republic,,
https://thinkhazard.org/en/report/50,Very low,Low,High,High,High,High,No Data,High,No Data,No Data,Very low,Chad,,
https://thinkhazard.org/en/report/51,High,High,High,Medium,High,High,No Data,High,High,High,High,Chile,,
https://thinkhazard.org/en/report/52,Medium,High,High,Very low,Very low,Very low,Very low,Medium,No Data,No Data,No Data,Disputed Area,,
https://thinkhazard.org/en/report/54,Low,Low,Very low,Medium,No Data,No Data,No Data,No Data,Very low,Medium,No Data,Christmas Island (Aus.),,
https://thinkhazard.org/en/report/55,No Data,Very low,Very low,No Data,No Data,No Data,No Data,No Data,Medium,No Data,No Data,Clipperton Island (Fr.),,
https://thinkhazard.org/en/report/56,No Data,Very low,Very low,No Data,No Data,No Data,No Data,No Data,No Data,Medium,No Data,Cocos (Keeling) Islands (Aus.),,
https://thinkhazard.org/en/report/57,High,High,High,High,High,High,High,Low,High,High,High,Colombia,,
https://thinkhazard.org/en/report/58,Medium,Medium,Very low,Medium,Very low,Very low,High,Very low,High,Low,Medium,Comoros,,
https://thinkhazard.org/en/report/59,Low,Low,High,Medium,High,High,No Data,Low,Medium,Low,No Data,Congo,,
https://thinkhazard.org/en/report/60,No Data,No Data,Very low,No Data,No Data,No Data,No Data,No Data,Medium,High,No Data,Cook Islands (N.Z.),,
https://thinkhazard.org/en/report/61,High,High,High,Medium,High,High,Medium,Low,High,High,High,Costa Rica,,
https://thinkhazard.org/en/report/62,Medium,High,High,Medium,High,High,No Data,Medium,High,Low,No Data,Croatia,,
https://thinkhazard.org/en/report/63,Medium,High,High,Medium,High,High,High,Low,High,Low,No Data,Cuba,,
https://thinkhazard.org/en/report/64,Medium,Medium,High,Medium,Low,Low,No Data,Low,High,Medium,No Data,Cyprus,,
https://thinkhazard.org/en/report/65,Medium,High,High,Low,High,High,No Data,Low,No Data,No Data,No Data,Czech Republic,,
https://thinkhazard.org/en/report/66,Very low,Low,High,High,High,High,No Data,High,Medium,Low,No Data,Côte d'Ivoire,,
https://thinkhazard.org/en/report/70,Medium,High,High,High,Low,Very low,Very low,Medium,High,Low,High,Djibouti,,
https://thinkhazard.org/en/report/71,Medium,High,Very low,Low,Very low,High,No Data,No Data,Medium,Medium,High,Dominica,,
https://thinkhazard.org/en/report/67,Medium,High,High,Medium,High,High,High,Medium,High,Medium,High,D. P. R. of Korea,,
https://thinkhazard.org/en/report/72,Medium,High,High,Medium,High,High,High,Medium,High,Low,No Data,Dominican Republic,,
https://thinkhazard.org/en/report/68,Medium,Medium,High,Medium,High,High,Very low,Medium,Medium,Low,Medium,Democratic Republic of Congo,,
https://thinkhazard.org/en/report/69,Very low,Very low,Medium,Very low,High,High,No Data,Medium,High,Very low,No Data,Denmark,,
https://thinkhazard.org/en/report/73,High,High,High,High,High,High,Very low,Very low,High,High,High,Ecuador,,
https://thinkhazard.org/en/report/74,Medium,Low,High,High,High,High,Very low,High,No Data,No Data,Very low,South Sudan,,
https://thinkhazard.org/en/report/75,High,High,High,High,High,High,High,Medium,High,High,High,El Salvador,,
https://thinkhazard.org/en/report/77,Medium,High,High,High,High,Medium,Very low,High,High,Low,Medium,Eritrea,,
https://thinkhazard.org/en/report/76,Medium,High,Medium,Medium,High,High,No Data,Very low,Medium,Low,High,Equatorial Guinea,,
https://thinkhazard.org/en/report/79,Medium,High,High,High,High,High,Low,Medium,No Data,No Data,High,Ethiopia,,
https://thinkhazard.org/en/report/78,Very low,Very low,Medium,Low,High,High,No Data,High,Medium,No Data,No Data,Estonia,,
https://thinkhazard.org/en/report/80,No Data,No Data,No Data,No Data,No Data,No Data,No Data,No Data,No Data,No Data,No Data,Europa Island,,
https://thinkhazard.org/en/report/82,Very low,No Data,Very low,Very low,No Data,No Data,No Data,No Data,Medium,Low,No Data,Faroe Islands (Den.),,
https://thinkhazard.org/en/report/81,Medium,No Data,High,Very low,Very low,Very low,No Data,Very low,High,Medium,No Data,Falkland Islands (Malvinas),,
https://thinkhazard.org/en/report/84,Very low,Very low,Medium,Low,Very low,Very low,No Data,Low,Medium,No Data,No Data,Finland,,
https://thinkhazard.org/en/report/83,High,High,High,Medium,High,High,High,Very low,High,High,Low,Fiji,,
https://thinkhazard.org/en/report/85,Medium,High,High,Medium,High,High,No Data,Medium,High,Low,Medium,France,,
https://thinkhazard.org/en/report/86,Medium,Medium,High,Medium,High,High,Very low,Very low,High,Medium,No Data,French Guiana,,
https://thinkhazard.org/en/report/91,Medium,High,High,High,Medium,Low,No Data,High,No Data,Medium,Very low,West Bank and Gaza,,
https://thinkhazard.org/en/report/92,High,High,High,High,High,High,No Data,Low,No Data,No Data,High,Georgia,,
https://thinkhazard.org/en/report/46,High,High,High,Medium,High,High,High,Very low,High,High,High,Canada,,
https://thinkhazard.org/en/report/89,Very low,Low,High,Medium,High,High,No Data,Very low,High,Low,No Data,Gabon,,
https://thinkhazard.org/en/report/88,No Data,Very low,Very low,Very low,Very low,Very low,Very low,No Data,High,Medium,Very low,French Southern and Antarctic Lands (Fr.),,
https://thinkhazard.org/en/report/93,Medium,Medium,High,Medium,High,High,No Data,Medium,High,Very low,Medium,Germany,,
https://thinkhazard.org/en/report/90,Very low,Very low,High,High,High,High,No Data,High,High,Low,No Data,The Gambia,,
https://thinkhazard.org/en/report/94,Medium,Medium,High,High,High,High,No Data,High,High,Low,No Data,Ghana,,
https://thinkhazard.org/en/report/87,No Data,Medium,Very low,Medium,No Data,No Data,High,No Data,High,High,Low,French Polynesia (Fr.),,
https://thinkhazard.org/en/report/95,Low,High,High,No Data,Very low,Very low,No Data,Medium,No Data,Low,No Data,Gibraltar (U.K.),,
https://thinkhazard.org/en/report/96,No Data,No Data,No Data,No Data,No Data,No Data,No Data,No Data,No Data,No Data,No Data,Glorioso Island,,
https://thinkhazard.org/en/report/97,High,High,High,Medium,High,High,No Data,Medium,High,Medium,High,Greece,,
https://thinkhazard.org/en/report/98,Medium,Very low,Medium,Very low,No Data,No Data,No Data,No Data,High,Low,No Data,Greenland (Den.),,
https://thinkhazard.org/en/report/99,Medium,High,Very low,Low,Very low,Low,No Data,No Data,Medium,Medium,Low,Grenada,,
https://thinkhazard.org/en/report/101,Medium,Low,Very low,Medium,No Data,No Data,High,No Data,Medium,High,Very low,Guam (U.S.),,
https://thinkhazard.org/en/report/100,Medium,Low,Very low,Medium,Very low,Medium,High,Low,High,Medium,High,Guadeloupe,,
https://thinkhazard.org/en/report/102,Very low,No Data,High,High,High,High,No Data,High,No Data,No Data,No Data,Abyei,,
https://thinkhazard.org/en/report/103,High,High,High,High,High,High,High,Medium,High,High,High,Guatemala,,
https://thinkhazard.org/en/report/104,Low,Medium,Very low,No Data,Very low,Very low,No Data,No Data,High,Low,No Data,Guernsey (U.K.),,
https://thinkhazard.org/en/report/105,Low,Very low,High,High,High,High,No Data,Medium,High,Low,No Data,Guinea-Bissau,,
https://thinkhazard.org/en/report/106,Low,High,High,High,High,High,No Data,Medium,High,Low,No Data,Guinea,,
https://thinkhazard.org/en/report/107,Very low,Low,High,Medium,High,High,Low,Very low,High,Medium,No Data,Guyana,,
https://thinkhazard.org/en/report/110,No Data,No Data,High,No Data,No Data,Very low,No Data,No Data,No Data,No Data,No Data,Vatican City,,
https://thinkhazard.org/en/report/108,Medium,High,High,Medium,High,High,High,Medium,Medium,Low,No Data,Haiti,,
https://thinkhazard.org/en/report/109,No Data,No Data,Very low,Very low,No Data,No Data,No Data,No Data,Very low,Medium,Low,Heard Island and McDonald Islands (Aus.),,
https://thinkhazard.org/en/report/111,High,High,High,High,High,High,High,Medium,High,High,High,Honduras,,
https://thinkhazard.org/en/report/112,No Data,No Data,Very low,No Data,No Data,No Data,No Data,No Data,No Data,No Data,No Data,Howland Island (U.S.),,
https://thinkhazard.org/en/report/113,Medium,Low,High,Medium,High,High,No Data,Medium,No Data,No Data,No Data,Hungary,,
https://thinkhazard.org/en/report/114,High,High,Medium,Very low,No Data,No Data,No Data,Very low,Medium,Low,High,Iceland,,
https://thinkhazard.org/en/report/118,Medium,High,High,High,High,High,Very low,High,High,Very low,Very low,Iraq,,
https://thinkhazard.org/en/report/116,High,High,High,Medium,High,High,High,Medium,High,High,High,Indonesia,,
https://thinkhazard.org/en/report/115,High,High,High,High,High,High,High,High,High,Medium,Low,India,,
https://thinkhazard.org/en/report/119,Very low,Medium,Medium,Low,High,Low,No Data,Very low,High,Medium,No Data,Ireland,,
https://thinkhazard.org/en/report/117,High,High,High,High,High,High,Medium,High,High,Medium,High,Islamic Republic of Iran,,
https://thinkhazard.org/en/report/120,Very low,Low,Medium,Very low,High,High,No Data,No Data,High,Low,No Data,Isle of Man (U.K.),,
https://thinkhazard.org/en/report/121,Medium,Medium,High,High,High,Low,No Data,High,Medium,Medium,Medium,Israel,,
https://thinkhazard.org/en/report/122,High,High,High,Medium,High,High,No Data,Medium,High,Medium,High,Italy,,
https://thinkhazard.org/en/report/123,Medium,High,High,Medium,High,High,High,Low,High,Low,No Data,Jamaica,,
https://thinkhazard.org/en/report/125,Very low,No Data,High,High,High,High,No Data,High,No Data,No Data,No Data,Abyei,Administrative unit not available,Administrative unit not available
https://thinkhazard.org/en/report/128,Low,Low,Medium,No Data,Very low,Very low,No Data,No Data,High,Low,No Data,Jersey (U.K.),,
https://thinkhazard.org/en/report/124,Very low,No Data,High,High,High,High,No Data,High,No Data,No Data,No Data,Abyei,Administrative unit not available,
https://thinkhazard.org/en/report/127,No Data,Very low,Very low,No Data,No Data,No Data,No Data,No Data,Very low,Medium,No Data,Jarvis Island (U.S.),,
https://thinkhazard.org/en/report/126,High,High,High,High,High,High,High,Medium,High,High,High,Japan,,
https://thinkhazard.org/en/report/129,No Data,No Data,Very low,No Data,No Data,No Data,No Data,No Data,No Data,High,No Data,Johnston Atoll (U.S.),,
https://thinkhazard.org/en/report/130,Medium,High,High,High,High,Low,No Data,High,No Data,No Data,Medium,Jordan,,
https://thinkhazard.org/en/report/131,No Data,No Data,No Data,No Data,No Data,No Data,No Data,No Data,No Data,No Data,No Data,Juan de Nova Island,,
https://thinkhazard.org/en/report/132,High,High,High,Medium,High,High,Very low,High,No Data,No Data,No Data,Kazakhstan,,
https://thinkhazard.org/en/report/136,High,High,Very low,Very low,Very low,Very low,High,Very low,High,High,High,Kuril islands,,
https://thinkhazard.org/en/report/133,Medium,High,High,Medium,High,High,Very low,Medium,High,Medium,High,Kenya,,
https://thinkhazard.org/en/report/134,No Data,No Data,Very low,Medium,No Data,No Data,Low,No Data,No Data,No Data,No Data,Kingman Reef (U.S.),,
https://thinkhazard.org/en/report/137,Medium,Very low,Very low,High,High,Medium,Very low,High,High,Very low,No Data,Kuwait,,
https://thinkhazard.org/en/report/138,High,High,High,Medium,Low,High,Very low,Medium,No Data,No Data,No Data,Kyrgyz Republic,,
https://thinkhazard.org/en/report/135,No Data,Very low,Very low,Medium,Very low,Very low,Low,No Data,High,High,No Data,Kiribati,,
https://thinkhazard.org/en/report/139,Medium,High,High,Medium,High,High,High,Low,No Data,No Data,Very low,Lao People's Democratic Republic,,
https://thinkhazard.org/en/report/140,Very low,Very low,Medium,Low,High,High,No Data,Low,High,No Data,No Data,Latvia,,
https://thinkhazard.org/en/report/141,Medium,High,High,High,Medium,Low,No Data,High,No Data,Medium,Medium,Lebanon,,
https://thinkhazard.org/en/report/142,Low,Medium,High,Low,High,Medium,Very low,Low,No Data,No Data,No Data,Lesotho,,
https://thinkhazard.org/en/report/144,Very low,High,High,Medium,High,High,No Data,Very low,Medium,Low,No Data,Liberia,,
https://thinkhazard.org/en/report/145,Low,Very low,High,High,Medium,Low,No Data,High,High,Medium,Very low,Libya,,
https://thinkhazard.org/en/report/146,Medium,High,Low,No Data,High,High,No Data,Very low,No Data,No Data,No Data,Liechtenstein,,
https://thinkhazard.org/en/report/147,Very low,Very low,Medium,Low,High,High,No Data,Low,High,No Data,No Data,Lithuania,,
https://thinkhazard.org/en/report/148,Medium,Medium,High,Low,High,Medium,No Data,Medium,No Data,No Data,Medium,Luxembourg,,
https://thinkhazard.org/en/report/149,No Data,Medium,Medium,No Data,Very low,Very low,High,Medium,Medium,Medium,No Data,"Macau, SAR",,
https://thinkhazard.org/en/report/150,Low,High,High,Medium,High,High,High,Very low,High,Medium,Medium,Madagascar,,
https://thinkhazard.org/en/report/151,Very low,Low,Very low,Very low,No Data,No Data,No Data,No Data,Medium,Low,Medium,Madeira Islands (Por.),,
https://thinkhazard.org/en/report/152,Medium,Medium,High,High,High,High,Medium,Low,No Data,No Data,High,Malawi,,
https://thinkhazard.org/en/report/153,Medium,High,High,Medium,High,High,High,Very low,High,High,Very low,Malaysia,,
https://thinkhazard.org/en/report/154,No Data,Very low,Very low,No Data,No Data,No Data,No Data,No Data,Very low,Medium,No Data,Maldives,,
https://thinkhazard.org/en/report/155,Low,Very low,High,High,High,High,No Data,High,No Data,No Data,Very low,Mali,,
https://thinkhazard.org/en/report/157,No Data,Very low,Very low,Medium,No Data,No Data,No Data,No Data,High,Medium,No Data,Marshall Islands,,
https://thinkhazard.org/en/report/158,Medium,Medium,Very low,Medium,Low,High,No Data,No Data,High,Medium,High,Martinique,,
https://thinkhazard.org/en/report/156,Low,High,Very low,No Data,High,Medium,No Data,No Data,Very low,Medium,No Data,Malta,,
https://thinkhazard.org/en/report/159,Very low,Low,High,High,High,High,No Data,High,High,Medium,No Data,Mauritania,,
https://thinkhazard.org/en/report/160,Very low,High,Very low,Medium,No Data,No Data,High,No Data,Medium,Medium,No Data,Mauritius,,
https://thinkhazard.org/en/report/161,Low,Low,Very low,Medium,Very low,Very low,No Data,No Data,High,Low,Medium,Mayotte,,
https://thinkhazard.org/en/report/164,No Data,No Data,Very low,No Data,No Data,No Data,No Data,No Data,No Data,Medium,No Data,Midway Island (U.S.),,
https://thinkhazard.org/en/report/165,Medium,Low,High,Medium,High,High,No Data,Medium,No Data,No Data,No Data,Moldova,,
https://thinkhazard.org/en/report/162,High,High,High,High,High,High,High,High,High,High,High,Mexico,,
https://thinkhazard.org/en/report/166,Medium,High,High,No Data,Very low,Very low,No Data,Medium,No Data,Low,No Data,Monaco,,
https://thinkhazard.org/en/report/167,High,High,High,Medium,High,High,Low,High,No Data,No Data,High,Mongolia,,
https://thinkhazard.org/en/report/163,Low,Low,Very low,Medium,No Data,No Data,High,No Data,Medium,Medium,No Data,Federated States of Micronesia,,
https://thinkhazard.org/en/report/169,Medium,High,High,High,High,Medium,No Data,Medium,High,Medium,No Data,Morocco,,
https://thinkhazard.org/en/report/168,No Data,Medium,Very low,No Data,Very low,Very low,No Data,No Data,No Data,Medium,No Data,Montserrat (U.K.),,
https://thinkhazard.org/en/report/170,Medium,Low,High,High,High,High,High,Medium,High,Medium,No Data,Mozambique,,
https://thinkhazard.org/en/report/171,Medium,High,High,High,High,High,High,Low,High,Medium,Medium,Myanmar,,
https://thinkhazard.org/en/report/172,Low,Low,High,Medium,High,High,Very low,High,High,Medium,No Data,Namibia,,
https://thinkhazard.org/en/report/173,No Data,Very low,Very low,No Data,Very low,Low,No Data,No Data,High,Medium,No Data,Nauru,,
https://thinkhazard.org/en/report/174,No Data,Low,Very low,No Data,No Data,No Data,No Data,No Data,No Data,Low,No Data,Navassa Island (U.S.),,
https://thinkhazard.org/en/report/175,Medium,High,High,High,Medium,High,Low,High,No Data,No Data,No Data,Nepal,,
https://thinkhazard.org/en/report/176,Medium,Medium,Very low,Medium,Very low,Very low,High,No Data,Medium,Medium,No Data,Netherlands Antilles,,
https://thinkhazard.org/en/report/177,Medium,Very low,High,Low,High,High,No Data,Medium,High,Very low,Medium,Netherlands,,
https://thinkhazard.org/en/report/178,High,Low,High,Medium,Low,High,High,Very low,Medium,High,No Data,New Caledonia (Fr.),,
https://thinkhazard.org/en/report/179,High,High,High,Low,High,High,High,Very low,High,High,High,New Zealand,,
https://thinkhazard.org/en/report/180,High,High,High,Medium,High,High,High,Low,High,High,High,Nicaragua,,
https://thinkhazard.org/en/report/181,Very low,Very low,High,High,High,High,No Data,High,No Data,No Data,Very low,Niger,,
https://thinkhazard.org/en/report/183,Very low,No Data,Very low,Medium,No Data,No Data,No Data,No Data,Medium,High,No Data,Niue (N.Z.),,
https://thinkhazard.org/en/report/182,Very low,Medium,High,High,High,High,No Data,High,High,Low,Medium,Nigeria,,
https://thinkhazard.org/en/report/184,No Data,Low,Very low,No Data,Very low,Very low,No Data,No Data,Medium,Medium,No Data,Norfolk Island (Aus.),,
https://thinkhazard.org/en/report/185,Medium,Medium,Very low,Medium,No Data,No Data,No Data,No Data,Medium,High,Medium,Northern Mariana Islands (U.S.),,
https://thinkhazard.org/en/report/186,Medium,High,Medium,Very low,Very low,High,No Data,Very low,High,Low,No Data,Norway,,
https://thinkhazard.org/en/report/187,Medium,High,Very low,High,Low,Medium,High,High,High,Medium,No Data,Oman,,
https://thinkhazard.org/en/report/189,Very low,Medium,Very low,Medium,No Data,No Data,No Data,No Data,Medium,Medium,No Data,Palau,,
https://thinkhazard.org/en/report/190,No Data,No Data,Very low,No Data,No Data,No Data,No Data,No Data,No Data,Medium,No Data,Palmyra Atoll (U.S.),,
https://thinkhazard.org/en/report/188,High,High,High,High,High,High,High,High,High,Medium,Low,Pakistan,,
https://thinkhazard.org/en/report/191,High,High,High,Medium,High,High,Low,Very low,High,High,High,Panama,,
https://thinkhazard.org/en/report/193,No Data,No Data,Very low,No Data,No Data,No Data,No Data,No Data,Medium,No Data,No Data,Paracel Islands,,
https://thinkhazard.org/en/report/192,High,High,High,Medium,High,High,High,Very low,High,High,High,Papua New Guinea,,
https://thinkhazard.org/en/report/194,Medium,Low,High,High,High,High,No Data,Very low,No Data,No Data,No Data,Paraguay,,
https://thinkhazard.org/en/report/195,High,High,High,Medium,High,High,Very low,High,High,High,High,Peru,,
https://thinkhazard.org/en/report/197,No Data,Very low,Very low,No Data,No Data,No Data,No Data,No Data,Medium,High,No Data,Pitcairn Islands (U.K.),,
https://thinkhazard.org/en/report/196,High,High,High,Medium,High,High,High,High,High,High,High,Philippines,,
https://thinkhazard.org/en/report/198,Low,High,High,Low,High,High,No Data,Medium,High,No Data,No Data,Poland,,
https://thinkhazard.org/en/report/199,Medium,High,High,Medium,High,High,No Data,Medium,High,Medium,No Data,Portugal,,
https://thinkhazard.org/en/report/201,Very low,Very low,Very low,High,Low,Low,Very low,High,High,Low,No Data,Qatar,,
https://thinkhazard.org/en/report/200,Medium,High,High,Medium,High,High,No Data,Low,Medium,Low,No Data,Puerto Rico (U.S.),,
https://thinkhazard.org/en/report/202,Low,High,High,Medium,Low,High,High,Low,High,Medium,High,Republic of Korea,,
https://thinkhazard.org/en/report/203,Medium,High,High,Medium,High,High,No Data,Medium,No Data,No Data,No Data,Romania,,
https://thinkhazard.org/en/report/205,Medium,High,High,Low,High,High,Very low,Medium,No Data,No Data,Medium,Rwanda,,
https://thinkhazard.org/en/report/207,No Data,High,Very low,Low,No Data,No Data,No Data,No Data,Medium,Low,Low,"Saint Helena, Ascension and Tristan da Cunha (U.K.)",,
https://thinkhazard.org/en/report/204,High,High,High,Medium,High,High,High,High,High,High,High,Russian Federation,,
https://thinkhazard.org/en/report/206,No Data,Medium,Very low,Medium,No Data,No Data,High,No Data,Medium,Medium,High,Réunion,,
https://thinkhazard.org/en/report/208,Medium,Medium,Very low,Medium,Very low,Low,No Data,No Data,Medium,Low,High,Saint Kitts and Nevis,,
https://thinkhazard.org/en/report/210,No Data,Very low,Very low,Very low,Very low,Very low,No Data,No Data,Medium,Low,No Data,Saint-Pierre-et-Miquelon (Fr.),,
https://thinkhazard.org/en/report/209,Medium,Medium,Very low,Medium,Very low,Low,No Data,No Data,Medium,Medium,Medium,Saint Lucia,,
https://thinkhazard.org/en/report/211,Medium,High,Very low,Low,Very low,Low,No Data,Low,Medium,Medium,No Data,Saint Vincent and the Grenadines,,
https://thinkhazard.org/en/report/214,Very low,Low,Very low,Medium,Very low,Low,No Data,No Data,Medium,Low,Very low,São Tomé and Príncipe,,
https://thinkhazard.org/en/report/213,Medium,Medium,High,Medium,Very low,Very low,No Data,Low,No Data,No Data,No Data,San Marino,,
https://thinkhazard.org/en/report/216,Low,No Data,Very low,Medium,No Data,No Data,No Data,No Data,Medium,No Data,No Data,Scarborough Reef,,
https://thinkhazard.org/en/report/212,Medium,Low,Very low,Medium,No Data,No Data,High,No Data,Medium,High,Low,Samoa,,
https://thinkhazard.org/en/report/215,Medium,Medium,High,High,Medium,Low,Low,High,High,Low,High,Saudi Arabia,,
https://thinkhazard.org/en/report/217,Low,Very low,High,High,High,High,No Data,High,High,Medium,No Data,Senegal,,
https://thinkhazard.org/en/report/218,No Data,No Data,Very low,No Data,No Data,No Data,No Data,No Data,No Data,No Data,No Data,Senkaku Islands,,
https://thinkhazard.org/en/report/222,Low,Low,Medium,Medium,Low,High,No Data,No Data,High,Low,No Data,Singapore,,
https://thinkhazard.org/en/report/223,Medium,High,High,Medium,High,High,No Data,Low,No Data,No Data,No Data,Slovak Republic,,
https://thinkhazard.org/en/report/220,Very low,Medium,Very low,Medium,Very low,Very low,High,No Data,High,Medium,No Data,Seychelles,,
https://thinkhazard.org/en/report/221,Low,High,High,High,High,High,No Data,Very low,High,Low,No Data,Sierra Leone,,
https://thinkhazard.org/en/report/224,Medium,High,High,Medium,High,High,No Data,Low,High,Low,No Data,Slovenia,,
https://thinkhazard.org/en/report/225,High,High,Medium,Medium,Very low,Medium,High,Very low,High,High,High,Solomon Islands,,
https://thinkhazard.org/en/report/226,Medium,High,High,High,High,High,Low,Medium,High,Medium,Low,Somalia,,
https://thinkhazard.org/en/report/228,No Data,Low,Very low,Very low,No Data,No Data,No Data,No Data,Medium,Medium,Medium,South Georgia and the South Sandwich Islands (U.K.),,
https://thinkhazard.org/en/report/227,Medium,Medium,High,Medium,High,High,Low,Medium,High,Medium,Low,South Africa,,
https://thinkhazard.org/en/report/229,Medium,High,High,Medium,High,High,No Data,Medium,High,Medium,High,Spain,,
https://thinkhazard.org/en/report/230,No Data,No Data,Very low,No Data,No Data,No Data,No Data,No Data,No Data,No Data,No Data,Spratly Islands,,
https://thinkhazard.org/en/report/231,Very low,Low,High,Medium,High,High,High,Low,Medium,Medium,No Data,Sri Lanka,,
https://thinkhazard.org/en/report/233,Very low,Low,High,Medium,High,High,Very low,Very low,High,Medium,No Data,Suriname,,
https://thinkhazard.org/en/report/234,Medium,No Data,Very low,Very low,No Data,No Data,No Data,Very low,Very low,No Data,Medium,Svalbard and Jan Mayen (Nor.),,
https://thinkhazard.org/en/report/235,Low,High,High,Medium,High,High,Low,Low,No Data,No Data,No Data,Swaziland,,
https://thinkhazard.org/en/report/237,Medium,High,Medium,Low,High,High,No Data,Low,No Data,No Data,No Data,Switzerland,,
https://thinkhazard.org/en/report/238,Medium,High,High,High,High,High,No Data,High,Very low,Medium,Medium,Syrian Arab Republic,,
https://thinkhazard.org/en/report/236,Very low,Low,Medium,Low,High,Medium,No Data,Very low,High,Very low,No Data,Sweden,,
https://thinkhazard.org/en/report/239,High,High,High,Medium,High,High,Very low,Medium,No Data,No Data,No Data,Tajikistan,,
https://thinkhazard.org/en/report/240,Medium,High,High,High,High,High,High,Medium,High,Medium,No Data,Thailand,,
https://thinkhazard.org/en/report/241,Medium,High,High,Medium,High,High,No Data,Medium,No Data,No Data,No Data,FYR of Macedonia,,
https://thinkhazard.org/en/report/242,High,High,High,Medium,Medium,High,High,Low,High,Medium,Low,Timor-Leste,,
https://thinkhazard.org/en/report/243,Medium,Medium,High,High,High,Medium,No Data,High,Medium,Low,No Data,Togo,,
https://thinkhazard.org/en/report/244,No Data,Very low,Very low,No Data,No Data,No Data,No Data,No Data,Medium,Medium,No Data,Tokelau (N.Z.),,
https://thinkhazard.org/en/report/245,High,Medium,Very low,Medium,No Data,No Data,No Data,No Data,Medium,High,Medium,Tonga,,
https://thinkhazard.org/en/report/246,High,High,High,Medium,High,High,High,Low,Medium,Medium,No Data,Trinidad and Tobago,,
https://thinkhazard.org/en/report/247,No Data,No Data,Very low,No Data,Very low,Very low,No Data,No Data,No Data,No Data,No Data,Tromelin Island,,
https://thinkhazard.org/en/report/251,Very low,Very low,Very low,Medium,Very low,Very low,No Data,Very low,Medium,Low,No Data,Turks and Caicos Islands (U.K.),,
https://thinkhazard.org/en/report/250,High,Low,High,High,High,High,Very low,High,No Data,No Data,No Data,Turkmenistan,,
https://thinkhazard.org/en/report/249,High,High,High,High,High,High,No Data,High,High,Medium,High,Turkey,,
https://thinkhazard.org/en/report/248,Medium,Medium,High,High,High,High,No Data,Medium,High,Medium,Low,Tunisia,,
https://thinkhazard.org/en/report/253,Medium,High,High,Medium,High,High,Very low,Medium,No Data,No Data,Medium,Uganda,,
https://thinkhazard.org/en/report/254,Medium,Low,High,Medium,High,High,No Data,Medium,No Data,No Data,No Data,Ukraine,,
https://thinkhazard.org/en/report/252,No Data,Very low,Very low,No Data,No Data,No Data,No Data,No Data,High,Medium,No Data,Tuvalu,,
https://thinkhazard.org/en/report/255,Medium,High,Very low,High,Medium,Low,Low,High,High,Medium,No Data,United Arab Emirates,,
https://thinkhazard.org/en/report/256,Low,Medium,High,Low,High,Medium,No Data,Low,High,Low,No Data,United Kingdom,,
https://thinkhazard.org/en/report/257,Medium,Medium,High,Medium,High,High,Low,Medium,High,Low,High,Tanzania,,
https://thinkhazard.org/en/report/260,Medium,Very low,High,Medium,High,High,No Data,Very low,High,Medium,No Data,Uruguay,,
https://thinkhazard.org/en/report/258,Medium,High,Very low,Medium,Very low,Very low,No Data,Medium,Medium,Low,No Data,United States Virgin Islands (U.S.),,
https://thinkhazard.org/en/report/262,High,High,Very low,Medium,Very low,High,High,Very low,High,High,High,Vanuatu,,
https://thinkhazard.org/en/report/261,High,High,High,High,High,High,Very low,High,No Data,No Data,No Data,Uzbekistan,,
https://thinkhazard.org/en/report/264,Medium,High,High,High,High,High,High,Low,High,Medium,Very low,Vietnam,,
https://thinkhazard.org/en/report/265,No Data,Very low,Very low,No Data,No Data,No Data,No Data,No Data,No Data,Low,No Data,Wake Island (U.S.),,
https://thinkhazard.org/en/report/266,Medium,Medium,Very low,Medium,No Data,No Data,No Data,No Data,Medium,High,No Data,Wallis and Futuna (Fr.),,
https://thinkhazard.org/en/report/263,High,High,High,High,High,High,High,Medium,High,Medium,No Data,R. B. de Venezuela,,
https://thinkhazard.org/en/report/269,Medium,High,High,High,High,High,Low,High,High,Medium,Medium,Republic of Yemen,,
https://thinkhazard.org/en/report/268,Very low,No Data,Very low,High,Very low,Very low,No Data,High,High,Medium,No Data,Western Sahara,,
https://thinkhazard.org/en/report/267,Low,No Data,High,Medium,Very low,Very low,No Data,Medium,No Data,No Data,No Data,West Bank,,
https://thinkhazard.org/en/report/270,Medium,Low,High,Medium,High,High,Low,Medium,No Data,No Data,High,Zambia,,
https://thinkhazard.org/en/report/271,Medium,Low,High,Medium,High,High,Medium,High,No Data,No Data,No Data,Zimbabwe,,
https://thinkhazard.org/en/report/272,High,High,High,Medium,High,High,Very low,Medium,No Data,No Data,No Data,Afghanistan,Badakhshan,
https://thinkhazard.org/en/report/273,Medium,High,High,Medium,Low,Low,Very low,Medium,No Data,No Data,No Data,Afghanistan,Badghis,
https://thinkhazard.org/en/report/278,Medium,High,High,High,High,Medium,Very low,Medium,No Data,No Data,No Data,Afghanistan,Faryab,
https://thinkhazard.org/en/report/274,High,High,High,Medium,High,High,Very low,Medium,No Data,No Data,Very low,Afghanistan,Baghlan,
https://thinkhazard.org/en/report/275,High,High,High,High,High,Medium,Very low,Medium,No Data,No Data,No Data,Afghanistan,Balkh,
https://thinkhazard.org/en/report/276,Medium,High,High,Low,Very low,Medium,Very low,Medium,No Data,No Data,Very low,Afghanistan,Bamyan,
https://thinkhazard.org/en/report/277,High,Medium,High,High,Medium,Low,Very low,High,No Data,No Data,No Data,Afghanistan,Farah,
https://thinkhazard.org/en/report/259,High,High,High,High,High,High,High,High,High,High,High,United States of America,,
https://thinkhazard.org/en/report/280,Low,High,High,Low,Very low,Medium,Very low,Medium,No Data,No Data,No Data,Afghanistan,Ghor,
https://thinkhazard.org/en/report/281,Medium,High,High,High,High,High,Low,Medium,No Data,No Data,No Data,Afghanistan,Hilmand,
https://thinkhazard.org/en/report/279,Medium,High,High,Low,High,Low,Very low,Medium,No Data,No Data,Very low,Afghanistan,Ghazni,
https://thinkhazard.org/en/report/282,High,High,High,Medium,Medium,High,Very low,Medium,No Data,No Data,No Data,Afghanistan,Hirat,
https://thinkhazard.org/en/report/284,Medium,High,High,Medium,High,High,Very low,Medium,No Data,No Data,Very low,Afghanistan,Kabul,
https://thinkhazard.org/en/report/283,Medium,High,High,High,High,Very low,Very low,Medium,No Data,No Data,No Data,Afghanistan,Jawzjan,
https://thinkhazard.org/en/report/285,High,Medium,High,High,High,High,Low,Medium,No Data,No Data,Low,Afghanistan,Kandahar,
https://thinkhazard.org/en/report/287,Medium,High,High,Medium,Low,Very low,Very low,Medium,No Data,No Data,No Data,Afghanistan,Khost,
https://thinkhazard.org/en/report/286,Medium,High,High,Medium,High,Medium,Very low,Medium,No Data,No Data,No Data,Afghanistan,Kapisa,
https://thinkhazard.org/en/report/288,Medium,Medium,High,Medium,High,High,Very low,Medium,No Data,No Data,No Data,Afghanistan,Kunar,
https://thinkhazard.org/en/report/290,Medium,High,High,High,High,Low,Very low,Medium,No Data,No Data,No Data,Afghanistan,Laghman,
https://thinkhazard.org/en/report/291,Medium,High,High,Low,Low,Medium,Very low,Medium,No Data,No Data,Very low,Afghanistan,Logar,
https://thinkhazard.org/en/report/292,Medium,High,High,High,High,High,Very low,Medium,No Data,No Data,No Data,Afghanistan,Nangarhar,
https://thinkhazard.org/en/report/293,Medium,Very low,Very low,High,High,High,Low,High,No Data,No Data,No Data,Afghanistan,Nimroz,
https://thinkhazard.org/en/report/289,High,High,High,Medium,High,High,Very low,Medium,No Data,No Data,No Data,Afghanistan,Kunduz,
https://thinkhazard.org/en/report/294,Medium,High,High,Low,Very low,Very low,Very low,Medium,No Data,No Data,No Data,Afghanistan,Nuristan,
https://thinkhazard.org/en/report/295,Medium,High,High,Medium,High,Low,Very low,Medium,No Data,No Data,Very low,Afghanistan,Paktika,
https://thinkhazard.org/en/report/296,Medium,High,High,Low,Low,Medium,Very low,Medium,No Data,No Data,Very low,Afghanistan,Paktya,
https://thinkhazard.org/en/report/298,High,High,High,Medium,Low,Low,Very low,Medium,No Data,No Data,No Data,Afghanistan,Samangan,
https://thinkhazard.org/en/report/299,Medium,High,High,Medium,Low,Medium,Very low,Medium,No Data,No Data,No Data,Afghanistan,Sar-e-Pul,
https://thinkhazard.org/en/report/300,High,High,High,Medium,High,Medium,Very low,Medium,No Data,No Data,No Data,Afghanistan,Takhar,
https://thinkhazard.org/en/report/302,Medium,High,High,Low,Very low,High,Very low,Medium,No Data,No Data,Very low,Afghanistan,Wardak,
https://thinkhazard.org/en/report/303,Medium,Medium,High,Medium,High,Low,Very low,Medium,No Data,No Data,No Data,Afghanistan,Zabul,
https://thinkhazard.org/en/report/304,Medium,Very low,High,Very low,Very low,Very low,Very low,Low,No Data,No Data,Low,Disputed Area,Administrative unit not available,
https://thinkhazard.org/en/report/305,High,High,High,Medium,High,High,No Data,Very low,No Data,No Data,No Data,Albania,Berat,
https://thinkhazard.org/en/report/306,Medium,High,High,Low,High,High,No Data,Low,No Data,No Data,No Data,Albania,Bulqize,
https://thinkhazard.org/en/report/307,High,High,High,Medium,Very low,High,No Data,Very low,No Data,No Data,No Data,Albania,Delvine,
https://thinkhazard.org/en/report/308,High,High,High,Low,Low,High,No Data,Low,No Data,No Data,No Data,Albania,Devoll,
https://thinkhazard.org/en/report/309,Medium,High,High,Low,High,High,No Data,Low,No Data,No Data,No Data,Albania,Diber,
https://thinkhazard.org/en/report/310,High,High,High,Medium,High,Medium,No Data,Very low,High,Low,No Data,Albania,Durres,
https://thinkhazard.org/en/report/311,High,High,High,Medium,High,High,No Data,Very low,No Data,No Data,No Data,Albania,Elbasan,
https://thinkhazard.org/en/report/312,High,High,High,Medium,High,High,No Data,Very low,High,Low,No Data,Albania,Fier,
https://thinkhazard.org/en/report/313,High,High,High,Low,High,High,No Data,Low,No Data,No Data,No Data,Albania,Gjirokaster,
https://thinkhazard.org/en/report/314,Medium,High,High,Medium,High,High,No Data,Very low,No Data,No Data,No Data,Albania,Gramsh,
https://thinkhazard.org/en/report/315,Medium,Medium,High,Medium,High,High,No Data,Medium,No Data,No Data,No Data,Albania,Has,
https://thinkhazard.org/en/report/316,High,High,High,Medium,Medium,Medium,No Data,Very low,High,Low,No Data,Albania,Kavaje,
https://thinkhazard.org/en/report/318,Medium,High,High,Low,High,High,No Data,Low,No Data,No Data,No Data,Albania,Korce,
https://thinkhazard.org/en/report/317,Medium,High,High,Low,High,Low,No Data,Low,No Data,No Data,No Data,Albania,Kolonje,
https://thinkhazard.org/en/report/319,Medium,High,High,Medium,High,High,No Data,Very low,High,No Data,No Data,Albania,Kruje,
https://thinkhazard.org/en/report/320,High,Medium,High,Medium,High,High,No Data,Very low,No Data,No Data,No Data,Albania,Kucove,
https://thinkhazard.org/en/report/321,Medium,High,High,Medium,High,High,No Data,Medium,No Data,No Data,No Data,Albania,Kukes,
https://thinkhazard.org/en/report/322,Medium,High,High,Medium,High,Medium,No Data,Very low,High,Low,No Data,Albania,Kurbin,
https://thinkhazard.org/en/report/323,Medium,High,High,Medium,High,High,No Data,Very low,High,Low,No Data,Albania,Lezhe,
https://thinkhazard.org/en/report/324,Medium,High,High,Medium,High,High,No Data,Low,No Data,No Data,No Data,Albania,Librazhd,
https://thinkhazard.org/en/report/325,High,Medium,High,Medium,High,High,No Data,Very low,High,Low,No Data,Albania,Lushnje,
https://thinkhazard.org/en/report/326,Medium,High,High,Medium,Very low,Low,No Data,Very low,No Data,No Data,No Data,Albania,Malesi E Madhe,
https://thinkhazard.org/en/report/327,High,High,High,Medium,High,Medium,No Data,Very low,No Data,No Data,No Data,Albania,Mallakaster,
https://thinkhazard.org/en/report/328,Medium,High,High,Medium,High,High,No Data,Very low,No Data,No Data,No Data,Albania,Mat,
https://thinkhazard.org/en/report/329,Medium,High,High,Medium,Low,High,No Data,Very low,No Data,No Data,No Data,Albania,Mirdite,
https://thinkhazard.org/en/report/330,High,High,High,Medium,Medium,High,No Data,Very low,No Data,No Data,No Data,Albania,Peqin,
https://thinkhazard.org/en/report/331,High,High,High,Low,High,High,No Data,Low,No Data,No Data,No Data,Albania,Permet,
https://thinkhazard.org/en/report/332,Medium,High,High,Low,High,High,No Data,Low,No Data,No Data,No Data,Albania,Pogradec,
https://thinkhazard.org/en/report/333,Medium,High,High,Medium,High,High,No Data,Very low,No Data,No Data,No Data,Albania,Puke,
https://thinkhazard.org/en/report/335,Medium,High,High,Medium,High,High,No Data,Very low,High,Low,No Data,Albania,Shkoder,
https://thinkhazard.org/en/report/337,High,High,High,Medium,High,High,No Data,Very low,No Data,No Data,No Data,Albania,Tepelene,
https://thinkhazard.org/en/report/334,High,High,High,Medium,High,High,No Data,Low,Very low,Medium,No Data,Albania,Sarande,
https://thinkhazard.org/en/report/336,Medium,High,High,Low,High,High,No Data,Very low,No Data,No Data,No Data,Albania,Skrapar,
https://thinkhazard.org/en/report/338,High,High,High,Medium,High,Medium,No Data,Very low,No Data,No Data,No Data,Albania,Tirane,
https://thinkhazard.org/en/report/339,Medium,High,High,Medium,High,High,No Data,Medium,No Data,No Data,No Data,Albania,Tropoje,
https://thinkhazard.org/en/report/340,High,High,High,Medium,High,High,No Data,Very low,High,Medium,No Data,Albania,Vlore,
https://thinkhazard.org/en/report/341,Very low,Very low,Very low,High,Low,Very low,No Data,High,No Data,No Data,Very low,Algeria,Adrar,
https://thinkhazard.org/en/report/342,Medium,Medium,High,Medium,High,Medium,No Data,Medium,No Data,No Data,No Data,Algeria,Ain-Defla,
https://thinkhazard.org/en/report/343,Low,Medium,High,Medium,High,Medium,No Data,Medium,High,Low,No Data,Algeria,Ain-Temouchent,
https://thinkhazard.org/en/report/344,Medium,High,High,No Data,High,High,No Data,Medium,Very low,Low,No Data,Algeria,Alger,
https://thinkhazard.org/en/report/345,Low,Medium,High,High,High,Medium,No Data,Medium,Very low,Low,No Data,Algeria,Annaba,
https://thinkhazard.org/en/report/347,Low,Medium,Very low,Medium,High,High,No Data,High,No Data,No Data,No Data,Algeria,Bechar,
https://thinkhazard.org/en/report/346,Medium,High,High,Medium,High,Low,No Data,Medium,No Data,No Data,No Data,Algeria,Batna,
https://thinkhazard.org/en/report/348,Medium,High,High,Medium,High,High,No Data,Medium,No Data,Low,No Data,Algeria,Bejaia,
https://thinkhazard.org/en/report/349,Medium,Medium,High,High,Medium,High,No Data,Medium,No Data,No Data,No Data,Algeria,Biskra,
https://thinkhazard.org/en/report/350,Medium,High,High,Medium,Low,Medium,No Data,Medium,No Data,No Data,No Data,Algeria,Blida,
https://thinkhazard.org/en/report/351,Medium,High,High,Medium,Medium,Low,No Data,Medium,No Data,No Data,No Data,Algeria,Bordj Bou Arrer,
https://thinkhazard.org/en/report/352,Medium,High,High,Medium,Medium,Low,No Data,Medium,No Data,No Data,No Data,Algeria,Bouira,
https://thinkhazard.org/en/report/353,Medium,High,High,Medium,High,High,No Data,Medium,Medium,Low,No Data,Algeria,Boumerdes,
https://thinkhazard.org/en/report/355,Low,Medium,High,Medium,High,Low,No Data,Medium,No Data,No Data,No Data,Algeria,Constantine,
https://thinkhazard.org/en/report/354,Medium,Medium,High,Medium,High,High,No Data,Medium,Very low,Low,No Data,Algeria,Chlef,
https://thinkhazard.org/en/report/356,Medium,Low,High,Medium,High,Medium,No Data,Medium,No Data,No Data,No Data,Algeria,Djelfa,
https://thinkhazard.org/en/report/357,Low,Medium,High,Medium,High,Low,No Data,High,No Data,No Data,No Data,Algeria,El Bayadh,
https://thinkhazard.org/en/report/358,Medium,Very low,High,High,High,High,No Data,Medium,No Data,No Data,No Data,Algeria,El Oued,
https://thinkhazard.org/en/report/359,Low,Medium,High,High,High,Medium,No Data,Medium,No Data,Low,No Data,Algeria,El-Tarf,
https://thinkhazard.org/en/report/360,Very low,Very low,Very low,Medium,Low,Medium,No Data,High,No Data,No Data,No Data,Algeria,Ghardaia,
https://thinkhazard.org/en/report/361,Low,Medium,High,Medium,High,Medium,No Data,Medium,No Data,No Data,No Data,Algeria,Guelma,
https://thinkhazard.org/en/report/362,Very low,Low,Very low,Medium,Very low,Very low,No Data,High,No Data,No Data,Very low,Algeria,Illizi,
https://thinkhazard.org/en/report/363,Low,High,High,Medium,High,Medium,No Data,Medium,Medium,Low,No Data,Algeria,Jijel,
https://thinkhazard.org/en/report/365,Low,Low,High,Medium,Medium,Medium,No Data,Medium,No Data,No Data,No Data,Algeria,Laghouat,
https://thinkhazard.org/en/report/366,Medium,Medium,High,Medium,High,Medium,No Data,Medium,No Data,No Data,No Data,Algeria,Mascara,
https://thinkhazard.org/en/report/367,Medium,High,High,Medium,High,High,No Data,Medium,No Data,No Data,No Data,Algeria,Medea,
https://thinkhazard.org/en/report/364,Medium,Medium,High,High,Low,Low,No Data,Medium,No Data,No Data,No Data,Algeria,Khenchela,
https://thinkhazard.org/en/report/369,Low,Medium,High,Medium,High,Medium,No Data,Medium,High,Low,No Data,Algeria,Mostaganem,
https://thinkhazard.org/en/report/368,Low,High,High,Medium,Low,Low,No Data,Medium,No Data,No Data,No Data,Algeria,Mila,
https://thinkhazard.org/en/report/371,Low,Medium,High,Medium,Low,Medium,No Data,Medium,No Data,No Data,No Data,Algeria,Naama,
https://thinkhazard.org/en/report/370,Medium,High,High,Medium,High,Low,No Data,Medium,No Data,No Data,No Data,Algeria,M'Sila,
https://thinkhazard.org/en/report/372,Low,High,High,Medium,Medium,Low,No Data,Medium,Medium,Low,No Data,Algeria,Oran,
https://thinkhazard.org/en/report/373,Low,Very low,Very low,High,High,Low,No Data,Medium,No Data,No Data,No Data,Algeria,Ouargla,
https://thinkhazard.org/en/report/374,Medium,Medium,High,Medium,Medium,Low,No Data,Medium,No Data,No Data,No Data,Algeria,Oum El Bouaghi,
https://thinkhazard.org/en/report/375,Medium,Medium,High,Medium,High,Medium,No Data,Medium,No Data,No Data,No Data,Algeria,Relizane,
https://thinkhazard.org/en/report/377,Medium,High,High,Medium,High,Medium,No Data,Medium,No Data,No Data,No Data,Algeria,Setif,
https://thinkhazard.org/en/report/376,Medium,Low,High,Medium,High,Low,No Data,Medium,No Data,No Data,No Data,Algeria,Saida,
https://thinkhazard.org/en/report/378,Low,Medium,High,Medium,High,Medium,No Data,Medium,No Data,No Data,No Data,Algeria,Sidi Bel Abbes,
https://thinkhazard.org/en/report/379,Low,Medium,High,High,High,High,No Data,Medium,Very low,Low,No Data,Algeria,Skikda,
https://thinkhazard.org/en/report/380,Medium,High,High,Medium,Low,Low,No Data,Medium,No Data,No Data,No Data,Algeria,Souk-Ahras,
https://thinkhazard.org/en/report/381,Very low,Low,Very low,High,Low,Low,No Data,High,No Data,No Data,Very low,Algeria,Tamanrasset,
https://thinkhazard.org/en/report/382,Medium,Low,High,High,Medium,Low,No Data,Medium,No Data,No Data,No Data,Algeria,Tebessa,
https://thinkhazard.org/en/report/383,Very low,Very low,Very low,High,Very low,Very low,No Data,High,No Data,No Data,No Data,Algeria,Tindouf,
https://thinkhazard.org/en/report/386,Medium,Medium,High,Medium,Medium,Low,No Data,Medium,No Data,No Data,No Data,Algeria,Tissemsilt,
https://thinkhazard.org/en/report/384,Medium,Medium,High,Medium,High,Medium,No Data,Medium,No Data,No Data,No Data,Algeria,Tiaret,
https://thinkhazard.org/en/report/389,Medium,Low,Very low,Medium,No Data,No Data,No Data,No Data,Medium,High,Low,American Samoa (U.S.),Administrative unit not available,
https://thinkhazard.org/en/report/385,Medium,High,High,Medium,High,High,No Data,Medium,Very low,Low,No Data,Algeria,Tipaza,
https://thinkhazard.org/en/report/388,Medium,Medium,High,Medium,High,Medium,No Data,Medium,No Data,Low,No Data,Algeria,Tlemcen,
https://thinkhazard.org/en/report/387,Medium,High,High,Medium,Medium,Medium,No Data,Medium,Very low,Low,No Data,Algeria,Tizi Ouzou,
https://thinkhazard.org/en/report/393,Low,Medium,High,Very low,Very low,Medium,No Data,Very low,No Data,No Data,No Data,Andorra,Encamp,
https://thinkhazard.org/en/report/392,Low,Medium,High,Very low,Very low,Medium,No Data,Very low,No Data,No Data,No Data,Andorra,Canillo,
https://thinkhazard.org/en/report/391,Low,No Data,High,No Data,Very low,Medium,No Data,Very low,No Data,No Data,No Data,Andorra,Andorra La Vella,
https://thinkhazard.org/en/report/398,Very low,Low,High,Medium,High,High,No Data,Very low,Medium,Low,No Data,Angola,Bengo,
https://thinkhazard.org/en/report/394,Low,Medium,High,No Data,Very low,High,No Data,Very low,No Data,No Data,No Data,Andorra,Escaldes-engordany,
https://thinkhazard.org/en/report/395,Low,Medium,High,Very low,Very low,Low,No Data,Very low,No Data,No Data,No Data,Andorra,La Massana,
https://thinkhazard.org/en/report/396,Medium,No Data,High,Very low,Very low,Very low,No Data,Very low,No Data,No Data,Very low,Andorra,Ordino,
https://thinkhazard.org/en/report/399,Very low,Medium,High,Medium,High,High,No Data,Low,High,Low,No Data,Angola,Benguela,
https://thinkhazard.org/en/report/400,Very low,Very low,High,Low,High,Low,No Data,Low,No Data,No Data,No Data,Angola,Bie,
https://thinkhazard.org/en/report/397,Low,Medium,High,No Data,No Data,Low,No Data,Very low,No Data,No Data,No Data,Andorra,Sant Julia De Loria,
https://thinkhazard.org/en/report/402,Low,Very low,High,Medium,High,High,Very low,High,No Data,No Data,No Data,Angola,Cuando Cubango,
https://thinkhazard.org/en/report/403,Very low,Low,High,Medium,High,Medium,No Data,Very low,Medium,Low,No Data,Angola,Cuanza Sul,
https://thinkhazard.org/en/report/401,Very low,Medium,High,Medium,High,High,No Data,Very low,Very low,Low,No Data,Angola,Cabinda,
https://thinkhazard.org/en/report/404,Very low,Very low,High,Medium,High,High,No Data,Medium,No Data,No Data,No Data,Angola,Cunene,
https://thinkhazard.org/en/report/405,Very low,Medium,High,Low,High,High,No Data,Very low,No Data,No Data,No Data,Angola,Huambo,
https://thinkhazard.org/en/report/406,Very low,Low,High,Medium,High,High,No Data,Medium,No Data,No Data,No Data,Angola,Huila,
https://thinkhazard.org/en/report/407,Very low,Low,High,Medium,High,High,No Data,Very low,No Data,No Data,No Data,Angola,Kuanza Norte,
https://thinkhazard.org/en/report/408,Very low,Very low,High,Medium,High,Low,No Data,Very low,Medium,Low,No Data,Angola,Luanda,
https://thinkhazard.org/en/report/409,Very low,Very low,High,Medium,High,High,No Data,Low,No Data,No Data,No Data,Angola,Lunda Norte,
https://thinkhazard.org/en/report/411,Very low,Low,High,Medium,High,Low,No Data,Low,No Data,No Data,No Data,Angola,Malanje,
https://thinkhazard.org/en/report/410,Very low,Very low,High,Low,High,Low,Very low,Low,No Data,No Data,No Data,Angola,Lunda Sul,
https://thinkhazard.org/en/report/412,Medium,Very low,High,Low,High,Low,Very low,Low,No Data,No Data,No Data,Angola,Moxico,
https://thinkhazard.org/en/report/413,Very low,Low,High,Medium,Low,Medium,No Data,Medium,High,Low,No Data,Angola,Namibe,
https://thinkhazard.org/en/report/416,Medium,Very low,Very low,No Data,Very low,Very low,No Data,No Data,Medium,Medium,No Data,Anguilla (U.K.),Name Unknown,
https://thinkhazard.org/en/report/414,Very low,Low,High,Medium,High,Low,No Data,Low,No Data,No Data,No Data,Angola,Uige,
https://thinkhazard.org/en/report/415,Very low,Low,High,Medium,Medium,Low,No Data,Low,Medium,Low,No Data,Angola,Zaire,
https://thinkhazard.org/en/report/417,Medium,No Data,Very low,No Data,Very low,Very low,No Data,No Data,No Data,Low,No Data,Anguilla (U.K.),Name Unknown,
https://thinkhazard.org/en/report/418,No Data,Very low,Very low,No Data,Very low,Very low,No Data,No Data,No Data,No Data,No Data,Anguilla (U.K.),Name Unknown,
https://thinkhazard.org/en/report/419,No Data,Low,Very low,No Data,Very low,Very low,No Data,No Data,No Data,Low,No Data,Anguilla (U.K.),Name Unknown,
https://thinkhazard.org/en/report/420,No Data,Very low,Very low,No Data,Very low,Very low,No Data,No Data,No Data,No Data,No Data,Anguilla (U.K.),Name Unknown,
https://thinkhazard.org/en/report/421,No Data,Very low,Very low,No Data,No Data,Very low,No Data,No Data,No Data,Low,No Data,Anguilla (U.K.),Name Unknown,
https://thinkhazard.org/en/report/422,No Data,Very low,Very low,No Data,No Data,Very low,No Data,No Data,Medium,Low,No Data,Anguilla (U.K.),Name Unknown,
https://thinkhazard.org/en/report/425,No Data,Very low,Very low,No Data,Very low,Very low,No Data,No Data,No Data,Medium,No Data,Anguilla (U.K.),Name Unknown,
https://thinkhazard.org/en/report/423,No Data,No Data,Very low,No Data,No Data,No Data,No Data,No Data,No Data,No Data,No Data,Anguilla (U.K.),Name Unknown,
https://thinkhazard.org/en/report/424,No Data,No Data,Very low,No Data,No Data,Very low,No Data,No Data,No Data,Medium,No Data,Anguilla (U.K.),Name Unknown,
https://thinkhazard.org/en/report/426,No Data,No Data,No Data,Very low,No Data,No Data,No Data,No Data,No Data,Medium,High,Antarctica,Administrative unit not available,
https://thinkhazard.org/en/report/430,No Data,Very low,High,No Data,High,High,No Data,Medium,No Data,No Data,No Data,Argentina,Buenos Aires D.f.,
https://thinkhazard.org/en/report/432,Medium,Very low,High,High,High,High,No Data,Very low,No Data,No Data,No Data,Argentina,Chaco,
https://thinkhazard.org/en/report/429,Medium,Very low,High,Medium,High,High,No Data,Medium,High,Medium,No Data,Argentina,Buenos Aires,
https://thinkhazard.org/en/report/431,Medium,Medium,High,High,High,High,No Data,Low,No Data,No Data,High,Argentina,Catamarca,
https://thinkhazard.org/en/report/435,Very low,Very low,High,High,High,High,No Data,Very low,No Data,No Data,No Data,Argentina,Corrientes,
https://thinkhazard.org/en/report/434,Medium,Low,High,High,High,Medium,No Data,Low,No Data,No Data,No Data,Argentina,Cordoba,
https://thinkhazard.org/en/report/433,Medium,Low,High,Medium,High,High,No Data,Very low,High,Medium,High,Argentina,Chubut,
https://thinkhazard.org/en/report/436,Low,Very low,High,Medium,High,High,No Data,Medium,High,No Data,No Data,Argentina,Entre Rios,
https://thinkhazard.org/en/report/437,Medium,Very low,High,High,High,High,No Data,Very low,No Data,No Data,No Data,Argentina,Formosa,
https://thinkhazard.org/en/report/438,Medium,High,High,High,High,High,No Data,Very low,No Data,No Data,High,Argentina,Jujuy,
https://thinkhazard.org/en/report/440,High,High,High,High,High,Medium,No Data,Medium,No Data,No Data,High,Argentina,La Rioja,
https://thinkhazard.org/en/report/439,Very low,Very low,High,Medium,High,High,No Data,Low,No Data,No Data,Very low,Argentina,La Pampa,
https://thinkhazard.org/en/report/441,High,High,High,Medium,High,High,No Data,High,No Data,No Data,High,Argentina,Mendoza,
https://thinkhazard.org/en/report/442,Very low,Low,High,Medium,High,Medium,No Data,Very low,No Data,No Data,No Data,Argentina,Misiones,
https://thinkhazard.org/en/report/443,Medium,Medium,High,Medium,High,High,No Data,Very low,No Data,No Data,High,Argentina,Neuquen,
https://thinkhazard.org/en/report/444,Medium,Low,High,Medium,High,High,No Data,Low,High,Low,High,Argentina,Rio Negro,
https://thinkhazard.org/en/report/446,High,High,High,Medium,High,High,No Data,Medium,No Data,No Data,Low,Argentina,San Juan,
https://thinkhazard.org/en/report/445,Medium,High,High,High,High,High,No Data,Very low,No Data,No Data,Medium,Argentina,Salta,
https://thinkhazard.org/en/report/447,High,Low,High,Medium,High,Low,No Data,Medium,No Data,No Data,No Data,Argentina,San Luis,
https://thinkhazard.org/en/report/448,Medium,High,High,Low,Low,High,No Data,Very low,High,Medium,High,Argentina,Santa Cruz,
https://thinkhazard.org/en/report/449,Low,Very low,High,High,High,High,No Data,Medium,No Data,No Data,No Data,Argentina,Santa Fe,
https://thinkhazard.org/en/report/450,Medium,Very low,High,High,High,High,No Data,Low,No Data,No Data,No Data,Argentina,Santiago Del Estero,
https://thinkhazard.org/en/report/451,Medium,Medium,High,Very low,Medium,Medium,No Data,Very low,High,High,No Data,Argentina,Tierra Del Fuego,
https://thinkhazard.org/en/report/454,Medium,Low,High,Medium,High,High,No Data,Low,No Data,No Data,High,Armenia,Ararat,
https://thinkhazard.org/en/report/452,Medium,High,High,High,High,High,No Data,Low,No Data,No Data,No Data,Argentina,Tucuman,
https://thinkhazard.org/en/report/455,Medium,Low,High,Medium,High,Medium,No Data,Low,No Data,No Data,High,Armenia,Armavir,
https://thinkhazard.org/en/report/453,Medium,Medium,High,Medium,Very low,Medium,No Data,Low,No Data,No Data,Medium,Armenia,Aragatsotn,
https://thinkhazard.org/en/report/456,Medium,High,High,Very low,Very low,Medium,No Data,Low,No Data,No Data,Medium,Armenia,Gergharkunik,
https://thinkhazard.org/en/report/457,Medium,High,High,Low,High,High,No Data,Low,No Data,No Data,Medium,Armenia,Kotayk,
https://thinkhazard.org/en/report/458,High,High,High,Medium,Low,High,No Data,Low,No Data,No Data,Low,Armenia,Lori,
https://thinkhazard.org/en/report/461,Medium,High,High,Medium,Very low,High,No Data,Low,No Data,No Data,Medium,Armenia,Syunik,
https://thinkhazard.org/en/report/460,High,High,High,Low,Low,Medium,No Data,Low,No Data,No Data,Medium,Armenia,Shirak,
https://thinkhazard.org/en/report/463,Medium,Very low,High,Low,Very low,High,No Data,Low,No Data,No Data,Medium,Armenia,Vayots Dzor,
https://thinkhazard.org/en/report/462,Medium,High,High,Medium,High,High,No Data,Low,No Data,No Data,Medium,Armenia,Tavush,
https://thinkhazard.org/en/report/464,Medium,Medium,High,Medium,High,Low,No Data,Low,No Data,No Data,Medium,Armenia,Yerevan,
https://thinkhazard.org/en/report/465,Medium,Very low,Very low,Medium,Very low,Very low,No Data,No Data,Medium,Medium,No Data,Aruba (Neth.),Administrative unit not available,
https://thinkhazard.org/en/report/467,No Data,No Data,Very low,No Data,No Data,No Data,No Data,No Data,No Data,No Data,No Data,Ashmore and Cartier Islands (Aus.),Administrative unit not available,
https://thinkhazard.org/en/report/469,No Data,Very low,Very low,No Data,No Data,No Data,No Data,No Data,High,No Data,No Data,Australia,Coral Sea Islands Territory,
https://thinkhazard.org/en/report/468,Very low,Medium,High,Medium,Very low,Low,Low,Very low,No Data,No Data,No Data,Australia,Australian Capital Territory,
https://thinkhazard.org/en/report/471,High,Low,High,High,High,High,High,Very low,High,Medium,No Data,Australia,Northern Territory,
https://thinkhazard.org/en/report/472,Very low,Very low,Very low,No Data,Very low,Very low,No Data,Low,Medium,High,No Data,Australia,Other Territories,
https://thinkhazard.org/en/report/470,Low,High,High,Medium,High,High,High,Low,High,High,No Data,Australia,New South Wales,
https://thinkhazard.org/en/report/473,Very low,High,High,High,High,High,High,Low,High,High,No Data,Australia,Queensland,
https://thinkhazard.org/en/report/474,Medium,Medium,High,High,High,High,Medium,Low,High,Medium,No Data,Australia,South Australia,
https://thinkhazard.org/en/report/476,Medium,Medium,High,Medium,High,High,Low,Low,High,High,Medium,Australia,Victoria,
https://thinkhazard.org/en/report/478,Medium,Low,High,Medium,High,Medium,No Data,Low,No Data,No Data,No Data,Austria,Burgenland,
https://thinkhazard.org/en/report/479,Medium,High,Medium,Low,High,Medium,No Data,Very low,No Data,No Data,No Data,Austria,Karnten,
https://thinkhazard.org/en/report/477,Medium,Low,High,High,High,High,High,Low,High,High,No Data,Australia,Western Australia,
https://thinkhazard.org/en/report/481,Medium,High,Medium,Low,High,High,No Data,Very low,No Data,No Data,No Data,Austria,Oberosterreich,
https://thinkhazard.org/en/report/480,Medium,High,High,Low,High,Medium,No Data,Low,No Data,No Data,No Data,Austria,Niederosterreich,
https://thinkhazard.org/en/report/482,Medium,High,Medium,Low,High,Medium,No Data,Very low,No Data,No Data,No Data,Austria,Salzburg,
https://thinkhazard.org/en/report/475,Very low,Low,High,Low,Medium,High,Low,Very low,High,High,No Data,Australia,Tasmania,
https://thinkhazard.org/en/report/483,Medium,High,High,Medium,High,Medium,No Data,Very low,No Data,No Data,No Data,Austria,Steiermark,
https://thinkhazard.org/en/report/484,Medium,High,Medium,Low,Low,High,No Data,Very low,No Data,No Data,No Data,Austria,Tirol,
https://thinkhazard.org/en/report/485,Medium,High,Low,Low,High,High,No Data,Low,No Data,No Data,No Data,Austria,Vorarlberg,
https://thinkhazard.org/en/report/487,Medium,Very low,High,Medium,High,Medium,No Data,Low,No Data,No Data,No Data,Azerbaijan,Aran,Aghdash
https://thinkhazard.org/en/report/488,Medium,Low,High,Medium,Very low,Very low,No Data,Low,No Data,No Data,Medium,Azerbaijan,Yukhari Garabakh,Aghdam
https://thinkhazard.org/en/report/489,High,Very low,High,Medium,High,Low,No Data,Low,No Data,No Data,Medium,Azerbaijan,Aran,Agdjabedi
https://thinkhazard.org/en/report/486,Medium,No Data,High,Low,Medium,Low,No Data,Very low,No Data,No Data,No Data,Austria,Wien,
https://thinkhazard.org/en/report/490,Medium,Low,High,Medium,High,Medium,No Data,Low,No Data,No Data,No Data,Azerbaijan,Ganja-Gazakh,Aghstafa
